HDDX_DSC,DIABDX_DSC,SDHLTHFOOD_DSC_2,n,n_se,n_low,n_upp,rse
Not Diagnosed with Heart Disease,Not Diagnosed with Diabetes,"""Excellent"", ""Very good"", or ""Good""",0.13130242432694642,0.006002116048833295,0.11948742394458786,0.14311742470930497,0.04571214948695747
Not Diagnosed with Heart Disease,Not Diagnosed with Diabetes,"""Fair"" or ""Poor""",0.1987490158734651,0.016271244001654826,0.16671951951969666,0.23077851222723356,0.08186829972538844
Not Diagnosed with Heart Disease,Diagnosed with Diabetes,"""Excellent"", ""Very good"", or ""Good""",0.263694139965286,0.018918607972515922,0.2264533804380829,0.30093489949248914,0.07174451421258911
Diagnosed with Heart Disease,Not Diagnosed with Diabetes,"""Excellent"", ""Very good"", or ""Good""",0.3170945467862871,0.022635818984574115,0.2725365596061279,0.36165253396644637,0.07138507809101499
Diagnosed with Heart Disease,Not Diagnosed with Diabetes,"""Fair"" or ""Poor""",0.3296308830279076,0.04903964875786507,0.23309768305128759,0.4261640830045276,0.1487714024468794
Diagnosed with Heart Disease,Diagnosed with Diabetes,"""Excellent"", ""Very good"", or ""Good""",0.5021207260299335,0.04012684793895273,0.423132129360976,0.581109322698891,0.07991474133366205
Diagnosed with Heart Disease,Diagnosed with Diabetes,"""Fair"" or ""Poor""",0.45997236331834457,0.08961083366831014,0.2835759015637679,0.6363688250729213,0.19481786475569388
