RACETHX_DSC,SDHLTHFOOD_DSC_2,n,n_se,n_low,n_upp,rse
Hispanic,"""Excellent"", ""Very good"", or ""Good""",0.13913660879850198,0.01154748520440584,0.11640570173250898,0.161867515864495,0.08299386699246737
Hispanic,"""Fair"" or ""Poor""",0.1400630164142584,0.026655247231243434,0.08759289526586439,0.1925331375626524,0.19030896173481193
Non-Hispanic White Only,"""Excellent"", ""Very good"", or ""Good""",0.18345919467069924,0.008374328331517961,0.16697455964633753,0.19994382969506094,0.045646817247560104
Non-Hispanic White Only,"""Fair"" or ""Poor""",0.2531923767459233,0.029364203899182262,0.1953897488937125,0.3109950045981341,0.11597586102937461
Non-Hispanic Black Only,"""Excellent"", ""Very good"", or ""Good""",0.2367752273204811,0.018587940171512378,0.20018537826610197,0.2733650763748602,0.07850458167379623
Non-Hispanic Black Only,"""Fair"" or ""Poor""",0.32015734045982325,0.041525795616466125,0.23841495375910965,0.40189972716053685,0.12970433711382365
All Race/Ethnicity Groups,"""Excellent"", ""Very good"", or ""Good""",0.1758520274938714,0.0061843685824754064,0.16367826801103097,0.18802578697671185,0.03516802547352453
All Race/Ethnicity Groups,"""Fair"" or ""Poor""",0.250760984386337,0.01914660404101628,0.21307142086824277,0.2884505479044312,0.07635399935867976
