RACETHX_DSC,SDAFRDHOME_DSC_2,n,n_se,n_low,n_upp,rse
Hispanic,"""Excellent"", ""Very good"", or ""Good""",0.2993218992400747,0.08623857068514972,0.12956364442973045,0.4690801540504189,0.2881131347358619
Hispanic,"""Fair"" or ""Poor""",0.24622987109592037,0.043850384801316776,0.15991159451164216,0.3325481476801986,0.17808718579166452
Non-Hispanic White Only,"""Excellent"", ""Very good"", or ""Good""",0.5109610799138649,0.05378876835592432,0.4050793686105031,0.6168427912172266,0.10526979543136974
Non-Hispanic White Only,"""Fair"" or ""Poor""",0.3929939242316484,0.04252701492195274,0.3092806648618786,0.4767071836014182,0.10821290686643133
Non-Hispanic Black Only,"""Excellent"", ""Very good"", or ""Good""",0.7032057562239268,0.11664888002615281,0.47358564376732215,0.9328258686805314,0.16588157732458533
Non-Hispanic Black Only,"""Fair"" or ""Poor""",0.29692358242170763,0.05814845777669081,0.18245994238617258,0.4113872224572427,0.19583644149256252
All Race/Ethnicity Groups,"""Excellent"", ""Very good"", or ""Good""",0.47875096964788216,0.03993238664034406,0.40014516469749895,0.5573567745982654,0.08340951595296829
All Race/Ethnicity Groups,"""Fair"" or ""Poor""",0.3418410682147024,0.030104291251157496,0.28258159876272515,0.40110053766667964,0.08806516843742629
