HDDX_DSC,DIABDX_DSC,SDAFRDHOME_DSC_2,n,n_se,n_low,n_upp,rse
Not Diagnosed with Heart Disease,Not Diagnosed with Diabetes,"""Excellent"", ""Very good"", or ""Good""",0.2624044009754592,0.025905961437065902,0.21140922830734726,0.31339957364357113,0.09872533136168209
Not Diagnosed with Heart Disease,Not Diagnosed with Diabetes,"""Fair"" or ""Poor""",0.21345546662495055,0.027948906729757222,0.15843881232970858,0.2684721209201925,0.1309355397248482
Not Diagnosed with Heart Disease,Diagnosed with Diabetes,"""Excellent"", ""Very good"", or ""Good""",1.0322818715438677,0.21465239770639744,0.609744529656211,1.4548192134315245,0.20793971455234994
Not Diagnosed with Heart Disease,Diagnosed with Diabetes,"""Fair"" or ""Poor""",0.47060838432706437,0.10123640656821585,0.2713273020253354,0.6698894666287933,0.21511815330909695
Diagnosed with Heart Disease,Not Diagnosed with Diabetes,"""Excellent"", ""Very good"", or ""Good""",1.0894366678416154,0.24397848385762816,0.6091717318403422,1.5697016038428886,0.22394921252375016
Diagnosed with Heart Disease,Not Diagnosed with Diabetes,"""Fair"" or ""Poor""",0.781134216756961,0.1115903145289825,0.5614717513696547,1.0007966821442673,0.1428567743354946
Diagnosed with Heart Disease,Diagnosed with Diabetes,"""Excellent"", ""Very good"", or ""Good""",1.8415281918763196,0.32291857988677114,1.2058718477150792,2.47718453603756,0.17535359019280164
Diagnosed with Heart Disease,Diagnosed with Diabetes,"""Fair"" or ""Poor""",1.4958536749285687,0.3402172327395573,0.8261454083441213,2.1655619415130163,0.2274401824468584
