HDDX_DSC,DIABDX_DSC,SDAFRDHOME_DSC_2,n,n_se,n_low,n_upp,rse
Not Diagnosed with Heart Disease,Not Diagnosed with Diabetes,"""Excellent"", ""Very good"", or ""Good""",0.136666511612506,0.007294638747601869,0.12230721584233564,0.15102580738267637,0.05337546602699966
Not Diagnosed with Heart Disease,Not Diagnosed with Diabetes,"""Fair"" or ""Poor""",0.14414919518065222,0.010017536506720033,0.1244299500520622,0.16386844030924225,0.06949422432893744
Not Diagnosed with Heart Disease,Diagnosed with Diabetes,"""Excellent"", ""Very good"", or ""Good""",0.3053145804928121,0.03807830926573208,0.23035847586673722,0.38027068511888706,0.124718279763349
Not Diagnosed with Heart Disease,Diagnosed with Diabetes,"""Fair"" or ""Poor""",0.2758655321622544,0.03137617712422569,0.21410239034633838,0.3376286739781704,0.11373721420830249
Diagnosed with Heart Disease,Not Diagnosed with Diabetes,"""Excellent"", ""Very good"", or ""Good""",0.3287461326688023,0.02800429047200629,0.27362045700001053,0.3838718083375941,0.08518515562347137
Diagnosed with Heart Disease,Not Diagnosed with Diabetes,"""Fair"" or ""Poor""",0.30900540604869,0.026436068999156025,0.25696673122270103,0.36104408087467893,0.08555212459613246
Diagnosed with Heart Disease,Diagnosed with Diabetes,"""Excellent"", ""Very good"", or ""Good""",0.47861833456717195,0.04408619411647529,0.3918358738308224,0.5654007953035215,0.09211137754750594
Diagnosed with Heart Disease,Diagnosed with Diabetes,"""Fair"" or ""Poor""",0.51089703428767,0.058538899791846635,0.39566481988255875,0.6261292486927812,0.11458062165787643
