HDDX_DSC,DIABDX_DSC,HIDEG_DSC,n,n_se,n_low,n_upp,rse
Not Diagnosed with Heart Disease,Not Diagnosed with Diabetes,Did not complete high school,0.2816475117259195,0.047752585294949884,0.1876478607814643,0.3756471626703747,0.16954733596730476
Not Diagnosed with Heart Disease,Not Diagnosed with Diabetes,Completed GED or high school,0.22275241061124101,0.01694472266853423,0.18939719002256092,0.25610763119992114,0.0760697611399009
Not Diagnosed with Heart Disease,Diagnosed with Diabetes,Did not complete high school,0.7912959691561136,0.17644511223307038,0.4439686180123027,1.1386233202999243,0.22298244792178362
Not Diagnosed with Heart Disease,Diagnosed with Diabetes,Completed GED or high school,0.8467197723075924,0.1490194553066425,0.5533790726106769,1.140060472004508,0.17599619163317165
Diagnosed with Heart Disease,Not Diagnosed with Diabetes,Completed GED or high school,0.9194443281735978,0.1440622840469848,0.6358616837778053,1.2030269725693903,0.1566840749707521
Diagnosed with Heart Disease,Diagnosed with Diabetes,Completed GED or high school,1.7305718705394892,0.25173405216815187,1.2350403115991182,2.2261034294798603,0.145462928442074
