HDDX_DSC,DIABDX_DSC,HIDEG_DSC,n,n_se,n_low,n_upp,rse
Not Diagnosed with Heart Disease,Not Diagnosed with Diabetes,Did not complete high school,0.16239618641452988,0.014626820136014511,0.13360369321818563,0.19118867961087413,0.09006874150774899
Not Diagnosed with Heart Disease,Not Diagnosed with Diabetes,Completed GED or high school,0.1349828403685105,0.0054318113526265555,0.12429046909710578,0.1456752116399152,0.040240754586267524
Not Diagnosed with Heart Disease,Diagnosed with Diabetes,Did not complete high school,0.28748674282325043,0.03900445219748345,0.21070755130519714,0.3642659343413037,0.1356739160019763
Not Diagnosed with Heart Disease,Diagnosed with Diabetes,Completed GED or high school,0.2842824552593003,0.027033020898005883,0.23106869703675958,0.337496213481841,0.095092118412121035
Diagnosed with Heart Disease,Not Diagnosed with Diabetes,Did not complete high school,0.3885299639026828,0.053653554010824896,0.28291441831921915,0.49414550948614644,0.1380937353502645
Diagnosed with Heart Disease,Not Diagnosed with Diabetes,Completed GED or high school,0.32054291030309706,0.02054772151580783,0.2800952855669747,0.3609905350392194,0.06410287314225242
Diagnosed with Heart Disease,Diagnosed with Diabetes,Did not complete high school,0.6852556700113098,0.11648216088242845,0.45596373960430636,0.9145476004183133,0.16998350539807422
Diagnosed with Heart Disease,Diagnosed with Diabetes,Completed GED or high school,0.47030110800975594,0.03370132269688,0.40396098107618467,0.5366412349433273,0.071659033166005
