RACETHX_DSC,SDPUBTRANS_DSC_2,n,n_se,n_low,n_upp,rse
Hispanic,"Rated neighborhood access to public transportation as ""Excellent"", ""Very good"", or ""Good""",0.3048745328127884,0.07248774285590959,0.16218440443292187,0.447564661192655,0.23776253853391385
Hispanic,"Rated neighborhood access to public transportation as ""Fair"" or ""Poor""",0.18805595076571072,0.041885282610816504,0.10560592380260528,0.2705059777288161,0.22272777032724284
Non-Hispanic White Only,"Rated neighborhood access to public transportation as ""Excellent"", ""Very good"", or ""Good""",0.46994860709616293,0.05088757369863116,0.3697778176920667,0.5701193965002591,0.10828327380959409
Non-Hispanic White Only,"Rated neighborhood access to public transportation as ""Fair"" or ""Poor""",0.45638000280690555,0.051349078027540976,0.35530075482284074,0.5574592507909704,0.11251386500662865
Non-Hispanic Black Only,"Rated neighborhood access to public transportation as ""Excellent"", ""Very good"", or ""Good""",0.5341992475858012,0.08733775265005583,0.3622772833053324,0.70612121186627,0.1634928410041011
Non-Hispanic Black Only,"Rated neighborhood access to public transportation as ""Fair"" or ""Poor""",0.5406540817302309,0.11673521867364531,0.3108640140203728,0.770444149440089,0.21591480138291538
