HDDX_DSC,DIABDX_DSC,SDPUBTRANS_DSC_2,n,n_se,n_low,n_upp,rse
Not Diagnosed with Heart Disease,Not Diagnosed with Diabetes,"""Excellent"", ""Very good"", or ""Good""",0.22111259326534408,0.019533012232509497,0.18266239584862234,0.2595627906820658,0.08833966416860341
Not Diagnosed with Heart Disease,Not Diagnosed with Diabetes,"""Fair"" or ""Poor""",0.27819740665041715,0.03879962943151977,0.20182140311448343,0.35457341018635086,0.1394679767100611
Not Diagnosed with Heart Disease,Diagnosed with Diabetes,"""Excellent"", ""Very good"", or ""Good""",1.0310203466091201,0.22392688294150775,0.5902264355869316,1.4718142576313087,0.2171895866827183
Not Diagnosed with Heart Disease,Diagnosed with Diabetes,"""Fair"" or ""Poor""",0.5138328020075015,0.11375764956488382,0.2899039972043068,0.7377616068106961,0.22139039999089638
Diagnosed with Heart Disease,Not Diagnosed with Diabetes,"""Excellent"", ""Very good"", or ""Good""",1.136815992711568,0.2508246873366023,0.6430744934343303,1.6305574919888057,0.22063789473820442
Diagnosed with Heart Disease,Not Diagnosed with Diabetes,"""Fair"" or ""Poor""",0.7254136775908988,0.10825485591165138,0.5123169707658196,0.938510384415978,0.14923189244399981
Diagnosed with Heart Disease,Diagnosed with Diabetes,"""Excellent"", ""Very good"", or ""Good""",1.431269246502329,0.2132541277951519,1.0114843604821686,1.8510541325224892,0.14899651363032687
Diagnosed with Heart Disease,Diagnosed with Diabetes,"""Fair"" or ""Poor""",2.066115161221496,0.47997524811476994,1.1212970847531192,3.0109332376898728,0.2323080809450169
