HDDX_DSC,DIABDX_DSC,SDPUBTRANS_DSC_2,n,n_se,n_low,n_upp,rse
Not Diagnosed with Heart Disease,Not Diagnosed with Diabetes,"""Excellent"", ""Very good"", or ""Good""",0.13700143565993236,0.006559479424007353,0.12408928080118307,0.14991359051868167,0.04787891011806198
Not Diagnosed with Heart Disease,Not Diagnosed with Diabetes,"""Fair"" or ""Poor""",0.14387134013439318,0.011028446648292242,0.122162146192413,0.16558053407637335,0.07665492403136262
Not Diagnosed with Heart Disease,Diagnosed with Diabetes,"""Excellent"", ""Very good"", or ""Good""",0.31971906123835064,0.04039614331374467,0.24020036402980882,0.39923775844689247,0.12634887378087645
Not Diagnosed with Heart Disease,Diagnosed with Diabetes,"""Fair"" or ""Poor""",0.26232532378491563,0.0361110956077104,0.19124162514576348,0.3334090224240678,0.137657680496445
Diagnosed with Heart Disease,Not Diagnosed with Diabetes,"""Excellent"", ""Very good"", or ""Good""",0.3384352228391328,0.02970371403532734,0.2799642786205384,0.3969061670577272,0.08776779729409637
Diagnosed with Heart Disease,Not Diagnosed with Diabetes,"""Fair"" or ""Poor""",0.2859633082708569,0.025029324267869503,0.2366937717625554,0.33523284477915843,0.08752634881452129
Diagnosed with Heart Disease,Diagnosed with Diabetes,"""Excellent"", ""Very good"", or ""Good""",0.4394654295907789,0.0405655948331293,0.35961317172628976,0.519317687455268,0.09230668012021592
Diagnosed with Heart Disease,Diagnosed with Diabetes,"""Fair"" or ""Poor""",0.5642761488836981,0.06799695306332589,0.4304260167126323,0.6981262810547639,0.120502972166808
